nuts_id,nuts3,mgrs_tile,year,ww_pct,observed_ww_yield,absolute_error_crop_pure,absolute_error_raw_ww05,absolute_error_raw_all,improvement_raw_ww05_minus_crop,improvement_raw_all_minus_crop,mean_crop_pure_improvement
DE21E,Landsberg am Lech (Lkr),32UPU,2024,0.116175472126979,6.970000000000001,1.555226413252818,0.3080758106717667,0.014736413179795349,-1.2471506025810513,-1.5404900000730226,-1.393820301327037
DE235,Cham (Lkr),32UQV,2024,0.0553488299826678,6.55,1.226047992727028,0.16921167379070923,0.2039785030260628,-1.0568363189363188,-1.0220694897009652,-1.039452904318642
DE278,Günzburg (Lkr),32UPU,2024,0.131395051533399,7.18,1.1104127883287624,0.027454317798741634,0.16863889084544947,-1.0829584705300208,-0.941773897483313,-1.012366184006667
DE224,Deggendorf (Lkr),32UQV,2024,0.139630196271075,8.120000000000001,1.1727631299205612,0.1079478132256515,0.2760463426003277,-1.0648153166949097,-0.8967167873202335,-0.9807660520075716
DE217,Dachau (Lkr),32UPU,2024,0.20138514073689,6.67,1.0419611936799322,0.40159544508173006,0.3089447463944035,-0.6403657485982022,-0.7330164472855287,-0.6866910979418654
DE27C,Unterallgäu (Lkr),32UPU,2024,0.0551526669577925,7.0,1.2925461129103653,0.9266085218441154,0.5328007687744059,-0.3659375910662499,-0.7597453441359594,-0.5628414676011047
DE248,Forchheim (Lkr),32UPA,2024,0.0683046454273451,5.84,1.1143511636905359,0.6548854572348208,0.5132833304439419,-0.45946570645571505,-0.601067833246594,-0.5302667698511545
DE22B,Straubing-Bogen (Lkr),32UQV,2024,0.203533532273313,7.44,0.7873802964633256,0.14216542706006496,0.5013930266459594,-0.6452148694032607,-0.2859872698173662,-0.46560106961031344
DE22C,Dingolfing-Landau (Lkr),32UQV,2024,0.217647116535488,7.81,1.110406672292192,0.7857112996898863,0.5331055539873875,-0.32469537260230563,-0.5773011183048045,-0.45099824545355505
DE264,Aschaffenburg (Lkr),32UNA,2024,0.0444742650947631,7.3,0.5023786408487378,0.1465164392901066,0.040804987236573,-0.35586220155863124,-0.46157365361216485,-0.40871792758539804
DE27B,Ostallgäu (Lkr),32UPU,2024,0.0255765445541137,7.77,0.5817800467624181,0.34588418437481927,0.09498728252976552,-0.23589586238759885,-0.4867927642326526,-0.36134431331012573
DE219,Eichstätt (Lkr),32UPV,2024,0.234545788014356,7.290000000000001,0.5518072116208543,0.4294642648375673,0.11871709480211923,-0.12234294678328705,-0.4330901168187351,-0.2777165318010111
DE276,Augsburg (Lkr),32UPU,2024,0.144634061591332,7.19,0.3479421598141812,0.07969342821462,0.13613062512067753,-0.2682487315995612,-0.21181153469350367,-0.24003013314653243
DE238,Regensburg (Lkr),32UQV,2024,0.210047668955527,7.43,0.6794601772659332,0.665760170196048,0.21525506752434964,-0.013700007069885167,-0.4642051097415836,-0.23895255840573437
DE277,Dillingen a.d.Donau (Lkr),32UPU,2024,0.192873350233454,6.56,0.9282949274452799,0.6857827695728096,0.7885557001511376,-0.24251215787247027,-0.13973922729414223,-0.19112569258330625
DE236,Neumarkt i.d.OPf. (Lkr),32UPV,2024,0.123772370357845,7.49,0.7946005151478914,0.7900680487794665,0.42993062547349137,-0.00453246636842497,-0.36466988967440006,-0.18460117802141252
DE226,Kelheim (Lkr),32UQV,2024,0.179584975289263,7.92,1.1149186938939843,0.7626483758279745,1.3397677623085746,-0.35227031806600984,0.2248490684145903,-0.06371062482570977
DE268,Kitzingen (Lkr),32UNA,2024,0.144743679149899,6.94,0.28142398125043044,0.16505089829053254,0.3373809815323945,-0.1163730829598979,0.05595700028196404,-0.03020804133896693
DE21I,Neuburg-Schrobenhausen (Lkr),32UPU,2024,0.0794840066824132,7.4,0.17167133491335917,0.1938788877986255,0.10437409528892694,0.022207552885266324,-0.06729723962443224,-0.022544843369582956
DE21C,Fürstenfeldbruck (Lkr),32UPU,2024,0.195398272122445,6.44,1.0169603901042414,0.7349347240000581,1.263049841045782,-0.28202566610418334,0.24608945094154056,-0.01796810758132139
DE26C,Würzburg (Lkr),32UNA,2024,0.217582066691604,7.26,0.463520121708509,0.15971549789651984,0.7356147426377362,-0.30380462381198914,0.2720946209292272,-0.015855001441380967
DE25C,Weißenburg-Gunzenhausen (Lkr),32UPV,2024,0.126496437038906,7.279999999999999,0.4183148619616732,0.40702010853919113,0.45360498164812046,-0.011294753422482096,0.03529011968644724,0.011997683131982573
DE256,Ansbach (Lkr),32UPV,2024,0.089832383364591,7.07,0.16025473962935077,0.19828912698436518,0.15785811811837736,0.03803438735501441,-0.002396621510973418,0.017818882922020496
DE253,Fürth (Krfr.St),32UPV,2024,0.0725362713628428,7.229999999999999,0.007848584062968733,0.07651643929010543,0.029195012763428174,0.0686678552271367,0.02134642870045944,0.04500714196379807
DE21H,München (Lkr),32UPU,2024,0.124166852321816,6.44,0.7910132853946816,0.837966963207009,0.855625904711073,0.0469536778123274,0.0646126193163914,0.0557831485643594
DE27D,Donau-Ries (Lkr),32UPV,2024,0.168901782888298,7.06,0.08638790200432656,0.34652841587499594,0.05854661753402368,0.2601405138706694,-0.027841284470302874,0.11614961470018326
DE258,Fürth (Lkr),32UPV,2024,0.142014766772567,7.01,0.19563005326758187,0.321388549277172,0.3303265798972461,0.1257584960095901,0.13469652662966425,0.13022751131962718
DE239,Schwandorf (Lkr),32UQV,2024,0.0891883836915863,7.220000000000001,0.340915027328176,0.528141278647376,0.41534899647958756,0.1872262513192,0.07443396915141154,0.13083011023530577
DE269,Miltenberg (Lkr),32UNA,2024,0.0845898156605171,8.22,0.8662194327652992,1.0665164392901074,0.9608049872365738,0.2002970065248082,0.09458555447127459,0.1474412804980414
DE245,Bamberg (Lkr),32UPA,2024,0.119493432390945,5.29,1.6924124606800817,2.1118777669245468,1.5937963431286164,0.4194653062444651,-0.09861611755146527,0.16042459434649992
DE234,Amberg-Sulzbach (Lkr),32UQV,2024,0.127943356034961,7.45,0.6000252441369769,0.8300302835141302,0.7806540388953946,0.23000503937715333,0.18062879475841775,0.20531691706778554
DE24A,Kronach (Lkr),32UPA,2024,0.0521277152348659,4.76,2.015987651139308,2.491038077699317,2.015520780803584,0.47505042656000906,-0.0004668703357237902,0.23729177811214264
DE26A,Main-Spessart (Lkr),32UNA,2024,0.157693846849031,5.49,1.1609905877637479,1.300087105879844,1.543268874115041,0.13909651811609614,0.38227828635129324,0.2606874022336947
DE246,Bayreuth (Lkr),32UPA,2024,0.0736423224467793,6.540000000000001,0.20333499931139354,0.8710621876358218,0.1644355374180746,0.6677271883244282,-0.03889946189331894,0.31441386321555465
DE257,Erlangen-Höchstadt (Lkr),32UPA,2024,0.0990291440186307,6.92,0.00033043900165541373,0.2861211122013749,0.39364526781034215,0.2857906731997195,0.39331482880868673,0.3395527510042031
DE26B,Schweinfurt (Lkr),32UNA,2024,0.204546238475559,6.63,0.03294967737137089,0.09385589930098881,0.6565725431744251,0.06090622192961792,0.6236228658030543,0.3422645438663361
DE25B,Roth (Lkr),32UPV,2024,0.0912960137351323,6.63,0.2295866573622627,0.5804174523394696,0.6656259047110735,0.35083079497720693,0.43603924734881083,0.3934350211630089
DE21B,Freising (Lkr),32UPU,2024,0.165182120559326,6.42,0.7792327484995001,1.5751789300432053,0.8731799756527243,0.7959461815437052,0.09394722715322423,0.4449467043484647
DE249,Hof (Lkr),32UPA,2024,0.0648310306331872,4.49,2.3028177047359204,2.928387680964885,2.615388784888821,0.6255699762289648,0.31257108015290047,0.46907052819093265
DE21J,Pfaffenhofen a.d.Ilm (Lkr),32UPU,2024,0.110178360185724,6.3100000000000005,0.7436237237250012,1.0274366766497982,1.5113109487749794,0.283812952924797,0.7676872250499782,0.5257500889873876
DE247,Coburg (Lkr),32UPA,2024,0.162167974922291,6.32,0.32440744171069635,1.046115039207181,0.6730171862714576,0.7217075974964846,0.3486097445607612,0.5351586710286229
DE24B,Kulmbach (Lkr),32UPA,2024,0.0879596671225935,5.8,0.8526379153180761,1.3664988434693424,1.458550004471519,0.5138609281512663,0.6059120891534429,0.5598865086523546
DE24C,Lichtenfels (Lkr),32UPA,2024,0.129424274006269,5.04,1.5999393011689174,2.270228882164642,2.2534818104688696,0.6702895809957248,0.6535425092999523,0.6619160451478385
DE267,Haßberge (Lkr),32UPA,2024,0.152683960458673,6.24,0.29932725112626546,0.9146672877580464,1.0280957010063636,0.6153400366317809,0.7287684498800981,0.6720542432559395
DE275,Aichach-Friedberg (Lkr),32UPU,2024,0.17431663000311,7.44,0.03897236813453464,0.6308736011400828,0.8296280721195037,0.5919012330055482,0.7906557039849691,0.6912784684952586
DE259,Nürnberger Land (Lkr),32UPV,2024,0.0520687443516008,5.57,0.8540278752673105,1.2200532239900745,1.992126169400212,0.36602534872276404,1.1380982941329014,0.7520618214278327
DE265,Bad Kissingen (Lkr),32UNA,2024,0.136406611806258,4.8,1.8233010677828965,2.061670345998545,3.4698207163148895,0.23836927821564835,1.646519648531993,0.9424444633738207
DE266,Rhön-Grabfeld (Lkr),32UNA,2024,0.166658113382941,6.01,0.20444506515761152,1.2184567883307906,1.535472635378091,1.0140117231731791,1.3310275702204795,1.1725196466968293
